0.36340573489830036,0.06974001283781674,0.009825040262575758,0.06443734400992876,0.17888139358040236,0.028178923435899346,0.012618239399797086,0.015320902006534161,0.024957012157823942,0.055025905265834466,0.03953583114465228,0.13807366100043472,1
0.10657264937882098,0.022933015728606353,0.009420343018688456,0.08823865771096603,0.2610952510113539,0.0537706083462355,0.007519075306953497,0.01385984198220823,0.0706000290846694,0.23810609741861907,0.0722156113074158,0.055668819705462794,1
0.3279376814568438,0.06263772148520894,0.012009199649181481,0.09140536332551237,0.20370914340566265,0.03899670343500109,0.00869389290774866,0.012817342244914754,0.03498055824173132,0.08166301833030042,0.03340976634583172,0.09173960917206278,1
0.22825763181710357,0.04411443687628078,0.009754954622847482,0.11171833317327293,0.23304502410318056,0.03924588692236437,0.00613051910440286,0.011305427175707015,0.050504260515973315,0.13461437981668464,0.05179875509342614,0.07951039077875634,1
0.15214337198812655,0.052502834429491566,0.010039316816397517,0.0844052181089126,0.30359064063714286,0.07756157709498822,0.008755154038131506,0.009435501050929437,0.037959094275595365,0.13877723593704128,0.08251798508678079,0.042312070536462305,1
0.23412935409927368,0.06993282817851888,0.01385739805350979,0.07584436445229942,0.18872330472645357,0.03609886740968646,0.007875595623100105,0.01970485226626241,0.06673634851750768,0.18863720137266377,0.05432933021193482,0.04413055508878942,1
0.11815597252792606,0.04360338109062448,0.026052039013493768,0.0923362209288292,0.23577008226961696,0.05235423468143514,0.010058444443560653,0.015969194311120104,0.07343379234578408,0.21456907391589758,0.07381359099328973,0.043883973478422246,1
0.23476193395637293,0.07108089222237476,0.011385459640362776,0.08462825080838488,0.23242538647502137,0.04756072823839254,0.009553590952921506,0.017420087754725165,0.045698216655216305,0.14384049941736157,0.056065416804375656,0.04557953707449055,1
0.23675309273289388,0.06817917046024641,0.01550575711816828,0.07409855767785545,0.17349664559589295,0.04189499134508546,0.016832345366993417,0.01821479096921668,0.05049706693243877,0.16129964661043908,0.05896396815620904,0.08426396703456059,1
0.2372469308058141,0.06031035606230118,0.017920549781587792,0.09755089698417514,0.20403542057185764,0.04647597893844115,0.021615885463767345,0.028995429318513555,0.04989228072877859,0.10218905802577027,0.06050535216001356,0.07326186115897966,1
0.06296019234727385,0.04975167071887279,0.16500171591112353,0.0937879335526696,0.00917164473717051,0.012644203856776382,0.20411099888273448,0.08733532886727517,0.0034877568617817816,0.01708710721562784,0.07801923257494135,0.2166422144737527,1
0.0422744781758259,0.08822870597462022,0.3842170081752906,0.1616054106076373,0.008469608543195298,0.006202782026744532,0.07979722992354979,0.047808011324358995,0.003927984919291637,0.01878522401172461,0.041795179815964145,0.11688837650179697,1
0.059434518446776594,0.08529333190771836,0.2507726104631452,0.12561320620386396,0.012938904865719197,0.012757487580805808,0.09560323853598908,0.05003130168141785,0.007723003773206165,0.01977452516256031,0.0805424797561154,0.19951539162268206,1
0.02554575300670323,0.10092329314119548,0.38431681842396115,0.16136286566346428,0.00872440403247793,0.008047708451558827,0.12066509747746383,0.0593011014911733,0.005026334043706557,0.01718947540585226,0.04303925108809852,0.06585789777434463,1
0.04775098207532095,0.08451658598989542,0.2986485294656629,0.15903461679419098,0.011539307875536621,0.008408954496157384,0.10417122205244748,0.04745326852769906,0.005045823379292638,0.023027935742161547,0.053375299028323955,0.1570274745733111,1
0.05293434563591461,0.07015954573154902,0.2911643160615913,0.19783454427813119,0.01889035119057691,0.006108207987041973,0.10799255889742618,0.05108118933923823,0.0033701308670022363,0.016687671244379955,0.0312180184294728,0.15255912033767557,1
0.06727572161109091,0.0768263092704528,0.19884366800029876,0.12448620432765715,0.01436235527887211,0.010126123590205614,0.15227685563075197,0.07155921818696358,0.005310029987379904,0.016348278689031635,0.05134250229036419,0.21124273313693137,1
0.05373983124040632,0.0830509760909885,0.3428988412543321,0.17625564314372985,0.016672055052879282,0.009841282020799794,0.0748907451445825,0.04133958507970298,0.009265743263313043,0.0260610373851167,0.054529915974906085,0.11145434434924287,1
0.029288717757165423,0.13854316601185182,0.3854806521946324,0.12918803000850165,0.009510163053090827,0.012377630507582319,0.08767649160440798,0.0315485368466767,0.013424131289222492,0.028040231866235853,0.047817849618073324,0.08710439924255921,1
0.07713099342168264,0.063248810146887,0.21741710033259593,0.1643468477937206,0.019585269192612585,0.008026014558486009,0.11923009861069118,0.06117520975351533,0.007342709289658726,0.022349687841134856,0.047470806682333784,0.19267645237668132,1
0.07512504288915034,0.013235201981214802,0.025868410730830096,0.06342073921898989,0.09641702426141974,0.033331537749529315,0.08455424169683132,0.25821769221345725,0.059751208120929766,0.0057238279596442156,0.04531349673043198,0.2390415764475713,1
0.05823010149181744,0.024095332053378965,0.028676472103543165,0.06151677999502149,0.1452133264782604,0.04950740278121177,0.09190848487792672,0.23143362900303488,0.04857616629418329,0.00974234293704203,0.04907337684236443,0.20202658514221541,1
0.048199442757065517,0.0075985499347100095,0.021320894179561574,0.0496127105111241,0.06572696619192271,0.031644033331157055,0.1220138588440322,0.3277125227294672,0.05416961075219889,0.009909133178069289,0.0565666900501307,0.20552558754056077,1
0.037544597421390574,0.011707486959176608,0.022310195468959588,0.07859431644603697,0.19863191672049138,0.05688508388891021,0.07391291891626307,0.22252376218394443,0.05115245303674294,0.021398127661396753,0.06959452285552839,0.15574461844115906,1
0.06648406392953,0.018048316706335846,0.04260718714720317,0.05132049086754387,0.07157784260428873,0.038175758815861986,0.09276022842958888,0.27848561243290076,0.06520827129673556,0.013784524849678103,0.04861320790618768,0.2129344950141454,1
0.04540299633938487,0.010232246725159707,0.028046649563474597,0.06352320220517249,0.13471422335002664,0.045292725577545837,0.08642963680670845,0.2691839726378553,0.059961311240636035,0.006190189018075804,0.045742510476331086,0.20528033605962917,1
0.01474825436579677,0.007457625173392984,0.01844798394836186,0.05337893363231205,0.12946541864434205,0.03964347948033846,0.11304128198520978,0.4175349716789081,0.08479773607272864,0.005000290977582666,0.02501439860392693,0.09146962543709972,1
0.056302413313683485,0.015122160377199583,0.031221464345596587,0.07761082754020816,0.11722232490189574,0.033858310498938574,0.08259343015699508,0.18631274091013036,0.03606927574929105,0.009596672398630558,0.08554786690448632,0.2685425129029445,1
0.030612944758934096,0.015473740426700864,0.031951307532041805,0.07502165284714672,0.11667825659737643,0.037095304618030914,0.1277880266379979,0.2357310273039342,0.03430958687448214,0.007740747269392862,0.07740742836618246,0.2101899767677796,1
0.05091651080977144,0.013732179121979153,0.02499278638724918,0.05338778796527802,0.10153982723705778,0.03807750952985209,0.10413560668147336,0.2734307870489559,0.05294855504252561,0.011786780886702488,0.05376392920449389,0.22128774008466112,1
0.041107474768285066,0.0878205986547933,0.3979196494835446,0.19930780159539813,0.011641682836404734,0.004983054893887064,0.02539173100030658,0.053773083429314424,0.024882626076008843,0.0370162139952596,0.03259185190716114,0.08356423135963653,1
0.01829797720745916,0.14320687399786713,0.4344135096892899,0.1356512658708456,0.009942858093433166,0.006041717717326159,0.0302215602202436,0.08197478379604055,0.024699208034789238,0.03293098354013108,0.02293964942800252,0.05967961240457193,1
0.03921329929490111,0.0953429875974679,0.4069809131244256,0.1866116915606154,0.009203723557460049,0.0027366822787286142,0.018231768276948338,0.0763993314433349,0.02612408681106697,0.02118974030358781,0.033752681938167495,0.08421309381329582,1
0.03898932635950776,0.09403485603757127,0.3861281461266638,0.1809698096205148,0.010786481205968854,0.004193602195322924,0.022026245959854945,0.08902448522228987,0.04200258369069493,0.030446904446292153,0.02636322545634473,0.075034333678974,1
0.02531524781967316,0.07178814498320223,0.370427694690951,0.20478125640016448,0.020383958218568952,0.00808977104328135,0.037774992960191336,0.10875903207635726,0.03778631304172837,0.033427103091179855,0.01971360573789207,0.061752879936809946,1
0.036656458432342755,0.09552596135180169,0.4234742372486495,0.19986136628031417,0.012428550461069506,0.005178967329406197,0.012221013625321528,0.03713990635638041,0.015875690791032165,0.027959998866397023,0.05041689617161333,0.08326095308567173,1
0.03666514003078966,0.07889589741205619,0.40890202230886546,0.19169591168623273,0.012754560460721404,0.007317611067520871,0.02252765942543376,0.08594603574695941,0.032983190708173446,0.01825269755234717,0.016118615426402316,0.08794065817449759,1
0.03282734293592583,0.15991118580504363,0.4149831257562916,0.11073845284700852,0.011098934753992604,0.0077423265634313015,0.02112771641037232,0.03929969625712988,0.015195292113756528,0.025737240046368057,0.06398408727022142,0.09735459924045829,1
0.03229128111216196,0.12502540451802435,0.3978494505406766,0.12562753102558508,0.008687912791834824,0.0053838180093019,0.03366798694023076,0.11486966125796627,0.03404029404869689,0.02727504134838793,0.032473374539581046,0.06280824386755238,1
0.024237445205699232,0.08956679346776657,0.4059260433034039,0.18140251643302313,0.01048966154958483,0.00476842818954819,0.029580429194093955,0.09639246588130555,0.03944812766775767,0.023052471489708938,0.028503738936806737,0.06663187868130127,1
0.07935693988488317,0.24192714945093102,0.04544482619810196,0.07529289137507611,0.1783665422713044,0.03707539022745914,0.00964495373377048,0.00990324555978176,0.03443933458651878,0.15510222957299927,0.05952842613563091,0.073918071003543,1
0.07532698113710579,0.28514870826150945,0.06077268833707772,0.05603495473898073,0.16993679922737506,0.04287119646550593,0.011582050146469703,0.015004040413761905,0.02522910115680653,0.10758569144122936,0.05724509091267358,0.09326269776150427,1
0.0953843125157215,0.38431471134364453,0.06953172879360248,0.051359108092294034,0.12903734339478243,0.036333887658852496,0.008848039023472342,0.012427382159105268,0.034702473618420375,0.10827294338816582,0.04678359244890973,0.02300447756302899,1
0.09710930665130477,0.38275874176033775,0.06785078071726322,0.04733271306924979,0.14652072603994262,0.03800055245476964,0.006411477422942816,0.005505226980774392,0.022107093484093218,0.09071955521195074,0.05115296807562901,0.044530858131742054,1
0.059005986920985805,0.2507023743407453,0.05253933597195289,0.05036163708174136,0.16443872541580282,0.04767130039418703,0.010889197766449076,0.01586940775342067,0.04387815345100782,0.1318473715048824,0.0734750014200011,0.09932150797882373,1
0.1055325907124796,0.36651903548930076,0.0638960624622067,0.06224382463188755,0.1733539614595029,0.04376456623526082,0.007112885083119659,0.008273495382833493,0.034299352285143296,0.06884663151846084,0.029353670997722046,0.0368039237420823,1
0.07722033216814597,0.2355020870124876,0.047507995619475996,0.06349558308773703,0.18597930472353988,0.0582934156025122,0.017688904530876196,0.012116264530441677,0.03724861461282253,0.11371261647896796,0.06541513694073303,0.0858197446922599,1
0.10832918135302377,0.2990684236453526,0.04997086606845037,0.060198758406052,0.15034903445170444,0.037729780713648416,0.011520464876055563,0.01147649710323096,0.030668633412502845,0.12635960648163003,0.05150664738385374,0.06282210610449532,1
0.08314152923502527,0.2617310599698585,0.05053665511535777,0.08047087366689859,0.22538109397003486,0.05283772221398645,0.01041108749242259,0.008952032459912586,0.030176679871692296,0.09868804345514862,0.050308189503764915,0.047365033045897544,1
0.08035169471614026,0.3711645026779493,0.07083915140769531,0.037060609624167976,0.09984841988105048,0.025306932925971047,0.009391860577461303,0.013148002844143159,0.044672940044893646,0.15482340985373108,0.0483576727260403,0.04503480272075613,1
0.13718483227471703,0.07092140478487557,0.01869969517655696,0.02102013161125589,0.03909416720935588,0.026380011484689367,0.014882642656308778,0.03638845200037913,0.08330705216723326,0.40105390887727715,0.11921602712912427,0.0318516746282267,1
0.1547476723670347,0.07766543659743115,0.008680699630317272,0.00839136462552537,0.037934293065825325,0.02276671218851575,0.013027560764737206,0.026053476163521962,0.11948208320573016,0.43251764581808516,0.07778533701233234,0.020947718560943608,1
0.08959964540749019,0.052256645095602836,0.02493227248747513,0.02120364922267596,0.07075296801550998,0.09781447207481499,0.02837589689842723,0.01378264392714511,0.095549950582735,0.3869020270999553,0.08581690450475735,0.03301292468341092,1
0.09376199757240711,0.08104528518382345,0.014453156929942272,0.010793552654692291,0.039544812063430884,0.02097942523201755,0.008051919675045111,0.01662527522081809,0.10257653870501925,0.4649347993657565,0.11758162472382026,0.02965161267322723,1
0.09148154983975489,0.04435062607884422,0.016973345382538516,0.01392631825649993,0.031279210775644446,0.026264143701231656,0.013502091789900512,0.019853385571981682,0.1472186229648588,0.46464549892266327,0.10037737871944356,0.03012782799663852,1
0.1222645665227608,0.050736299179263866,0.006067223149405166,0.00663770797007794,0.027190212808115736,0.018421856867457783,0.007359474088694253,0.014735665464534132,0.15197044746327595,0.4887559329106308,0.08286537924983917,0.02299523432594445,1
0.11910907643820068,0.07413499981428284,0.011340022428825192,0.007466292269852376,0.03245892633991333,0.024844241399599242,0.009542119871622179,0.016111540158351624,0.11049967191994328,0.46971906995546164,0.10476739360721718,0.02000664579673041,1
0.020780465662424565,0.016380696428134185,0.009486145718549648,0.004902747847040555,0.011512594899747059,0.016587060994917895,0.00891726081836516,0.01353774951983656,0.11709141079654807,0.5729696641738902,0.19647710818894884,0.011357094951597273,1
0.06882320947116301,0.04124107212313776,0.01102135168978846,0.010504218251562237,0.03527884264300711,0.02860752936828823,0.020480853223912472,0.04328099609407983,0.12708814574745214,0.4888070949226506,0.1086847267719214,0.016181959693036707,1
0.050659364420991435,0.05023261488113854,0.008961217069151869,0.008318842708009106,0.04454503002271969,0.03227599654871147,0.011245399312621846,0.01680849383470179,0.10799366664743838,0.5300513942633822,0.12853621105747173,0.010371769233661936,1
0.06224605179957291,0.028279248921016045,0.060164751135300974,0.02583307207019589,0.07598079578689608,0.3011638789627984,0.08139581891756363,0.010555368122416307,0.05286625906234411,0.2384305924860934,0.044882744357142276,0.018201418378659975,1
0.059460313096433945,0.04868766552172469,0.10902063623415204,0.036117005900194496,0.11270452076453007,0.3115872333979915,0.056387557064008345,0.011470697413979554,0.06505757767371113,0.14469942490014087,0.019263780742601523,0.02554358729053184,1
0.042981270834545116,0.05346070123946782,0.11815233748364677,0.034616424474229406,0.05550697672237086,0.16253189104379004,0.0402107121685222,0.011740149541012842,0.09564026270575791,0.3227228349006935,0.04976428840172362,0.012672150484239924,1
0.040369732661884185,0.08326826657660698,0.15627628206894217,0.04468252309867492,0.11668640701006217,0.08536168738278281,0.022526723349152386,0.013643183073227934,0.07838096482581501,0.2926610987860369,0.052261078672884584,0.013882052493929941,1
0.05053658115524447,0.06848560738070686,0.2057094841630217,0.07917356710683339,0.060673854691063456,0.09354011777900385,0.04011460630154339,0.009711007240001755,0.032064898440225094,0.2438467449680604,0.09074514191449981,0.02539838885979579,1
0.036030221783598985,0.07704343492777428,0.1473592671710479,0.04694934543408705,0.030990336596579876,0.09475588947448882,0.04088233134098738,0.014219890112863044,0.053348047036263974,0.33962281588824067,0.10584869290221748,0.012949727331850562,1
0.05832636050163593,0.07772772500478559,0.12101184166087271,0.030131302591362517,0.04441819026626754,0.10229282732989883,0.02892766132973873,0.013891192023165529,0.08827822533891441,0.3409125031366674,0.06705118962693596,0.02703098118975486,1
0.06664800111701999,0.09604368723969887,0.22083596006943595,0.07483098686333156,0.04994808882796308,0.13847336376396727,0.061350705208787056,0.013498517009563131,0.023611091576799102,0.19221167581867743,0.0527111390010074,0.009836783503749193,1
0.03673790574630723,0.10081681529098657,0.13994203270700517,0.03015953185241429,0.03158301963632417,0.08447795195989243,0.024774764640005494,0.012539085753018835,0.0977936801837463,0.35435161990745984,0.06732204285458049,0.01950154946825917,1
0.022568317369864744,0.07386398299261661,0.14966415543468392,0.037102513484715854,0.019838868700784808,0.045525279092770744,0.015890687233475344,0.007751833871054126,0.10545483343367462,0.43104380278666654,0.08213669345159245,0.009159032148100205,1
0.28037130252373094,0.06452959328316323,0.05743221324549144,0.056084090580351985,0.1117858400984673,0.043352325381044936,0.03808450706696655,0.17333843418495617,0.03607976835501337,0.008075760820209589,0.02352868771582144,0.10733747674478307,1
0.5860455319574197,0.0915734716414822,0.007627382918645613,0.009003538397875653,0.01893139515717815,0.007745560950888802,0.01665596879514525,0.06975593247506141,0.013013682431099514,0.0056226131469357885,0.014728076130140252,0.1592968459981276,1
0.17084910719174537,0.04452735154076788,0.00909542684698572,0.011129696296674511,0.059133548894596474,0.025177058024585756,0.02751591907802741,0.32239906247363886,0.20582630716365324,0.028775838048182213,0.024547056349033227,0.07102362809210934,1
0.5589576068463904,0.08237949373793078,0.00510390684852126,0.009834785777456674,0.023224370005095526,0.007584741285305107,0.018564671978719516,0.07860415537164243,0.013698684690404883,0.0045893142470015,0.011011956068876274,0.18644631314265567,1
0.14214801826037385,0.02583020667907543,0.022526810210278383,0.019894094631852002,0.04065883900233025,0.017020308798378455,0.05281006735651481,0.3429611002090764,0.15670257567593338,0.017356357104385354,0.02488044377430686,0.13721117829749482,1
0.1148310953728182,0.01635967799453177,0.0212096141660207,0.026655616188469625,0.0448319276585328,0.009357230617407614,0.11049449288809982,0.3247609671320711,0.055450272017791805,0.02070432013426281,0.05629812706429758,0.1990466587656962,1
0.13735538774367786,0.02263780683190382,0.02772203898647377,0.022046763858648427,0.030490382546255416,0.013869052060263419,0.10445892672457308,0.31069059676032934,0.06256423838498393,0.02783228334620751,0.0575563113641302,0.18277621139255323,1
0.14247214521317023,0.017965524807835503,0.023702612235345727,0.01946226445823707,0.032911810113495976,0.008856993825462386,0.12219179518456066,0.3577455963474999,0.05672986152504473,0.013725339151389996,0.03571336325322668,0.16852269388473115,1
0.6248681340519886,0.12619124362368989,0.004996472006205607,0.005249038209284012,0.014075967950140461,0.004932785892168217,0.008326690984198798,0.05402380474829318,0.013236047998356952,0.0019964991518770458,0.005691892247644182,0.136411423136153,1
0.5106613029201172,0.07564641727883312,0.0074705075798637945,0.013138142782128022,0.030705281661641333,0.011767706293427351,0.028654891075246474,0.1188267648824175,0.023308922155426973,0.00751144404397651,0.016218220918972452,0.1560903984079492,1
0.0132912251737747,0.10853373937691504,0.343849855669594,0.12141235785626994,0.01550128070242205,0.012271764659330222,0.042083772709028265,0.023136690291223456,0.03855529044471399,0.20341349466400802,0.07055475670163304,0.007395771751087308,1
0.02056607018300826,0.10459644506884933,0.29187504165097417,0.10443929254802146,0.022257642455808142,0.023013055428866638,0.08812614403761888,0.0369644505617479,0.04710962201561678,0.18445472058910514,0.06338811597227616,0.013209399488107114,1
0.03163286452742085,0.08953478292849408,0.21164038174306535,0.05283877830032024,0.03451050291033126,0.02440228543255714,0.06254757262960091,0.02458743086091502,0.08520747040015703,0.3081974978313248,0.06176590047877488,0.013134531957038459,1
0.03757202180218073,0.09919578022461456,0.24903680158701808,0.06154291433620084,0.03171588833619162,0.02752052641793535,0.07227939317203731,0.01741759826453872,0.06730137961298559,0.26289946738751585,0.05485691606577986,0.01866131279300148,1
0.012914050611044453,0.08739715561037686,0.24163982532571857,0.06896133042380038,0.012333793719486983,0.022400232779159167,0.11807671859622673,0.041652147419554,0.04734837380797905,0.262149593561849,0.07721407835577813,0.007912699789026622,1
0.03565761713842897,0.07935558892165533,0.13113404532638076,0.030097010448849475,0.0244058641646953,0.03628631218219447,0.10495329743206085,0.024432188424124444,0.09689179779446178,0.3526725869952161,0.06702495395453666,0.017088737217395907,1
0.02718465344505227,0.10293292460853556,0.16630454346735832,0.04818039288888973,0.020740415616004988,0.02273773017606931,0.10929804704404883,0.05059701918091541,0.05121604452869317,0.28817870783907223,0.09840240542616223,0.01422711577919798,1
0.04553353664750846,0.09439863278809187,0.16370700753269313,0.05084647221351869,0.023803784003485998,0.027266233242391986,0.07378520492641191,0.03356773892864617,0.0747266510164275,0.29303555736115494,0.08585697415264604,0.03347220718702333,1
0.018972112561121964,0.08709256014868795,0.1423635880868088,0.039813178986161955,0.009396839299333163,0.01865581528210828,0.11136874441534718,0.04631008116247544,0.05026704530875835,0.343789960911081,0.12130165523263164,0.010668418605484283,1
0.03987834483821294,0.10653139098518252,0.2267782193559799,0.057838861104505694,0.045766720852038374,0.036553843795269686,0.08086642417289126,0.021742989298014187,0.059962407905752975,0.2382434268045016,0.06377448020161056,0.02206289068604028,1
0.07468918220687977,0.010359416309039906,0.015987739206949098,0.06656246249734853,0.10748866229804292,0.02929403422027919,0.017784798610361776,0.05218579537456104,0.2052482037721437,0.07355864225185318,0.07328239639870233,0.27355866685383856,1
0.08579060791842898,0.022228448150284002,0.021391711233578373,0.07265997276969106,0.13322164165181702,0.03424180278978493,0.017646486537792844,0.04766332341423015,0.1790629562741756,0.06678536442603064,0.07041071785385399,0.24889696698033245,1
0.057265935906571114,0.024525240434694104,0.008346962594754504,0.049095361708616496,0.06223759680495583,0.014211809802023518,0.013454398079753868,0.08149700186615869,0.2924752088292052,0.055296248505769495,0.09991927075790394,0.24167496470959324,1
0.12316914296053906,0.011041049391913037,0.013153728647492795,0.05004561314890966,0.1479898311630535,0.05324435898052161,0.010699197071305549,0.027229502347329963,0.11407661023478745,0.05592079150130849,0.05461019075370715,0.33881998379913175,1
0.0643033279392948,0.00779694172730024,0.01208670575048068,0.0803859092267737,0.15697120975061934,0.03414455067226795,0.011654151048707581,0.037569421176063336,0.2376334631734978,0.07444109227347313,0.04878360731865076,0.23422961994287067,1
0.06373926044598963,0.01821591672756535,0.018122962877622627,0.04798275470711781,0.0541483255061377,0.013877604013439399,0.01296362959248062,0.07678893631817674,0.2146193712387132,0.04950164122031693,0.12657996064051782,0.3034596367119222,1
0.06222248597909693,0.013568193667062554,0.014484643223521602,0.07763482052352667,0.11579029440896618,0.023917069473513176,0.013071918982940571,0.06591620708587327,0.27702154917797545,0.07027747168898198,0.05275379825595054,0.2133415475325911,1
0.06484120807032541,0.026139362595972177,0.022981684681972096,0.0642109916924862,0.0664813497169456,0.027312918003507197,0.017288205897036092,0.09024514533524011,0.25322412703540365,0.04421937831012372,0.09350512188333325,0.2295505067776545,1
0.04992748343546687,0.0062198561343311054,0.01767376428407825,0.10100324588349201,0.19036716574183507,0.042468197820087955,0.013548974432662193,0.04052630659995189,0.1767085376359353,0.069286393883212,0.07272227971310878,0.21954779443583858,1
0.07134176309936087,0.012598164259368752,0.018803191429456318,0.07896461975955177,0.14660904918771292,0.03486391305571979,0.01379255990089253,0.0467588337978996,0.19679389588084578,0.0667080215108258,0.06873862094208408,0.2440273671762818,1
0.154922446718912,0.07944547423243457,0.012654309953604132,0.05333272255186926,0.19075952367994178,0.024668905931901,0.025424879714502534,0.1273214528996755,0.04813420327339766,0.16462805036993292,0.04889597277150399,0.06981205790232464,2
0.1420250868295363,0.10331974594060177,0.017146956287400487,0.044655644963368615,0.20691337934540274,0.03511803148551561,0.017585291494363654,0.1377318288902455,0.06698685384315597,0.1428772411109073,0.038636676915810686,0.04700326289369136,2
0.162777822037936,0.04955618692214645,0.008114285586513297,0.06463530036414038,0.2270195873241179,0.02772765821479868,0.026665563882242175,0.1444325122840804,0.04504669356197356,0.13024699627506797,0.04303828178589099,0.07073911176109222,2
0.16312622762372414,0.08055867810196525,0.016941404441245988,0.057553011607928244,0.20437119449777952,0.026034117972444367,0.022042593638602115,0.13781927119755288,0.06648246763943591,0.14340995865421155,0.03457914508947995,0.0470819295356301,2
0.1909193336175974,0.08438782454415351,0.012205807152472818,0.03035677893008825,0.14126751538783827,0.038442623129549096,0.01666424968858909,0.130648398452937,0.08396742433702058,0.16220025618073033,0.0554158753616851,0.05352391321733857,2
0.1721656368904953,0.05933136499806032,0.012091890005830047,0.06202956705788593,0.2353385888070544,0.03366190692368959,0.026123954837310975,0.13696489991238417,0.04204362026424097,0.1100134562309167,0.03946970204331497,0.07076541202881664,2
0.16694360405534736,0.07973017711261288,0.013048665419535043,0.05093496914472367,0.19127928584593568,0.025221687875644144,0.022165527986057063,0.14819164492260137,0.06850959900002888,0.1409468544913016,0.034822793551337744,0.05820519059487457,2
0.1698190193413992,0.07379019942728318,0.013302425775636291,0.061571046841287225,0.22599457701529155,0.029405962643955126,0.023074260963537797,0.1179699263508966,0.04304164377506244,0.1313962952692605,0.04316651737368938,0.06746812522270071,2
0.1734534001021131,0.0865484690297544,0.016587495644154588,0.07800966959433897,0.24146214547693257,0.029291067685726712,0.018234532506204885,0.12068933418051217,0.050495746934984556,0.11348325716678119,0.02769622206719043,0.04404865961130643,2
0.17936239859358197,0.08751243051878349,0.018495011724795292,0.06027137676217034,0.20859714334463986,0.03328453436130835,0.020377075763637623,0.11955880567918901,0.0582387406711731,0.12283736920325701,0.03368962957635295,0.05777548380111102,2
0.042440036657056014,0.047116283111037986,0.06472718395093198,0.019502860381724017,0.00447838892076837,0.05260562804749116,0.4123752789891706,0.08491371648012458,0.021786434057028264,0.1210501391204251,0.030934669933202503,0.0980693803510394,2
0.053754618269838274,0.06822755579488696,0.08187620152178351,0.026282244775324596,0.00654163667939084,0.05013478742189219,0.3591134960123538,0.07281867354006419,0.016401220367743698,0.07750017762122384,0.035583417033630604,0.15176597096186747,2
0.052350292807240184,0.049316092357920074,0.058123339918834026,0.022018065111725122,0.00622819084470164,0.05355510830271988,0.3849583922533197,0.08679789521145083,0.017731828324451148,0.09089637532298524,0.03546703818517257,0.1425573813594796,2
0.048211626272525926,0.0549613910333027,0.052436846131613174,0.016883013357825147,0.003484704062612426,0.04141809532175509,0.37273470358054933,0.07543282787539829,0.02366011720337591,0.13921248385767104,0.037403387964224676,0.1341608033391463,2
0.050702379971590876,0.06958971695761096,0.028223204989492427,0.014593809677063339,0.00523270761987928,0.04487586119777042,0.4096737379287615,0.08254040382545781,0.018642558588944515,0.111635036292532,0.03508902534000984,0.129201557610887,2
0.05187155412889377,0.06250392791065927,0.11029201520305441,0.036095833285093144,0.0083035922848363,0.046602907466310586,0.3355485406179809,0.07856070560892839,0.016597513012552405,0.07947714891731711,0.038539417980360834,0.13560684358401287,2
0.05217660913229228,0.13196532815536924,0.0359128865654639,0.02814315549582515,0.03402087344351559,0.10391715242477328,0.4154589252793782,0.10017751029681585,0.031185467339570734,0.02261051875387146,0.020764872516657627,0.023666700596466694,2
0.033709128967035235,0.055316133439063477,0.07207913239028135,0.02009450995560755,0.006313598034943062,0.05789375542564696,0.37518324104093054,0.05989194890333987,0.02468071211363697,0.13263859522712232,0.04432866670991122,0.11787057779248142,2
0.0459295610593096,0.08616519767508851,0.06295149155534084,0.023913030749024476,0.005987323242908408,0.044445928385516746,0.3676483711154617,0.07214536836490736,0.01902644726599562,0.1061710381326934,0.0385953896126165,0.12702085284113682,2
0.03553418101036446,0.05957591366857609,0.05008770807678278,0.010644552386489047,0.003144247572209734,0.054584730525037164,0.3623980485754655,0.057676625589662314,0.029322294358907014,0.1718002243290549,0.04848286998844212,0.11674860391900889,2
0.0387551579887614,0.005499478646869104,0.041404770605668544,0.09038423678802116,0.39299557081916614,0.07916755902152876,0.05668471322703794,0.118372325561121,0.02929534720620281,0.0015674690943790876,0.012722399235145601,0.13315097180609844,2
0.04374705188054096,0.005239521039115674,0.038352651480536716,0.10027633946192473,0.4013513697016956,0.08001872893937513,0.04616639253244886,0.08662542512418876,0.026176124581517246,0.0019779811835286746,0.015412910649558288,0.15465550342556933,2
0.0262783266415234,0.049747239725884636,0.1246908224061184,0.03618115230712536,0.0850902504604297,0.06818953043330798,0.24410046850940637,0.10820981027796026,0.031576273942947125,0.02418427907463449,0.04215856231460577,0.1595932839060565,2
0.036165869460441126,0.04009374339607539,0.1325037224601697,0.0628415441579993,0.10892281708903685,0.04378044666773857,0.12648462124430673,0.1554580071230561,0.04336836734766186,0.011528872118732053,0.046291584138423485,0.19256040479635883,2
0.0275634511050061,0.03909066845739037,0.10912976060369821,0.03533312977482801,0.06532312357270531,0.07087323712357561,0.3018918910368855,0.09908112569993249,0.025128544702239804,0.01962345017072752,0.04361547245689705,0.16334614529611402,2
0.027769851598632656,0.04719447283063138,0.15068168200026455,0.05398903237134651,0.11680049442952696,0.04737684795132137,0.1548009126896901,0.14214666133626058,0.04119571435160232,0.015598106359185042,0.03842157222363571,0.16402465185790283,2
0.034647409715826825,0.03450963566425537,0.1501928498850766,0.06058908889925189,0.09843221538192903,0.05514383674365155,0.18041846537740325,0.14027956917401876,0.0491746212965432,0.014371440846072793,0.030242975138942692,0.151997891877028,2
0.04125745809830316,0.03522889578671096,0.13925657216626383,0.05881791021181358,0.09427739888979696,0.05734025410952978,0.17553153516747247,0.14283840019362634,0.05214465948341771,0.015442352792884936,0.03273445805013431,0.15513010505004596,2
0.017080987086146034,0.010967261064119629,0.024493697925970302,0.10732779718020072,0.5151072584711922,0.09336079804757681,0.03981602235155038,0.08618031958057455,0.025101937965314135,0.0050695569252660316,0.012306524550772557,0.06318783885131664,2
0.018031427528928334,0.0027134169536305822,0.014011803140824071,0.08939195184673769,0.5148499385605824,0.09659291529952384,0.03420090955478577,0.11201386830762843,0.025236891647635186,0.0014669312615649473,0.009492121219938757,0.08199782467822007,2
0.02110998613666445,0.037338377892863824,0.1494265927268306,0.02048672876500332,0.018502775470492214,0.06336823789736241,0.23513531656132977,0.14531357836833916,0.0414464156832535,0.10575829106673794,0.04107566135967262,0.12103803807145021,2
0.026622655105672546,0.04236524066632589,0.1787585965011223,0.02957569684530539,0.010018084488269022,0.04635178207904455,0.23195049474227564,0.11521767539940429,0.037137968452885625,0.1279015769284229,0.041937359568132174,0.11216286922313964,2
0.025599871897257948,0.048664225482859244,0.19835931517109107,0.037457165027004045,0.006779640720190365,0.03880190446027596,0.21517980201507256,0.1218221795120208,0.03603894450116617,0.10099440824752721,0.04385874745899609,0.12644379550653856,2
0.033773572076673156,0.058799614752002384,0.3106314992460529,0.05743784184535519,0.004397856122850814,0.005791955546572904,0.027410163529269112,0.09755227926780627,0.050267589576121735,0.2580956694020731,0.05042362800027328,0.045418330634949156,2
0.03583631979244282,0.04345951662427553,0.17409939088498813,0.053684963432921964,0.009594100062204717,0.03817762966139122,0.1825240945297864,0.18718454480394428,0.06126687461671398,0.06436662398867313,0.03184892549415378,0.11795701610850405,2
0.04192716768048707,0.05011311726821356,0.19480386003182962,0.049418592800508525,0.005303011432676929,0.025372072383389337,0.1729447880699718,0.14947546174181714,0.04885550242511751,0.09209462496466102,0.036247591677331534,0.13344420952399597,2
0.04222471591428761,0.0501097887899518,0.2098937354113318,0.05644493845445618,0.0069348208301515234,0.02696127929147458,0.16552574322619903,0.16352759898865454,0.04561091033662199,0.05932253085503278,0.0345035047524282,0.13894043314940996,2
0.03436709986608477,0.04256544081962076,0.17576971128608337,0.04949934169984438,0.005331585312561899,0.032465783870189745,0.2021908535066043,0.127410700420043,0.04467585719683084,0.09998823477435122,0.04351682291852573,0.14221856832926,2
0.06837341055896842,0.02775154087868074,0.16101137694135617,0.042644768262700146,0.007448449314134038,0.013431750558436518,0.0704552945156661,0.12024252669520664,0.043890149631610934,0.19003977083620385,0.051666077874520794,0.20304488393251566,2
0.029067214937746902,0.038001443557543715,0.1594019246117416,0.03448092103037365,0.009042148472450497,0.04705319645168223,0.24885634044811747,0.12883123026697474,0.034591097022683044,0.0969038774413083,0.04427542524803078,0.12949518051134706,2
0.04973408498389768,0.23024542670062387,0.04217514544034152,0.08293326357733037,0.2552374679980846,0.028047619349540247,0.0023115433895523276,0.01221996254192984,0.09384071773716923,0.15318763378026437,0.0319476002978876,0.018119534203378345,2
0.05044920778461803,0.2489754985688271,0.06742160999951628,0.05505795282042687,0.20346530353833203,0.03735722374253779,0.009404817812937146,0.016624749106584673,0.09428782830338472,0.1464494849707832,0.04233883912467758,0.028167484227374553,2
0.044965833949455566,0.20036913381779412,0.05281392491602118,0.050460476789943275,0.26581982923098835,0.0592113707208225,0.006298779454600112,0.015796644379362696,0.09981167173924273,0.13112486189119912,0.036765758966632,0.03656171414393841,2
0.05203948430392191,0.21935948630667654,0.04211701832841509,0.058213715197963145,0.24382659750654284,0.041800208205831746,0.004047465616376613,0.022093463062868607,0.12944851614605804,0.12844039830815684,0.028601144780925066,0.030012502236263543,2
0.05122938177593165,0.21053166524317407,0.038182499998076366,0.06391768060206798,0.2711740950080572,0.04479003578670912,0.004513327878442176,0.01863389326430901,0.10995671367131844,0.13370354210753455,0.02935946240029999,0.024007702264079427,2
0.04651864757431094,0.24028821359891553,0.051851405352148605,0.06922319060115709,0.26642519329629355,0.03665539614217327,0.0018024809824224038,0.00922640023866305,0.07932357533768185,0.1377295585122728,0.03478349430943547,0.026172444054525436,2
0.044398867196303315,0.22213889115571003,0.04816802080607553,0.06922108494878547,0.2668672713893536,0.03744013742431197,0.0026399702888569945,0.010309795506943267,0.07615469609170766,0.14838832746152272,0.04006676695516067,0.03420617077526877,2
0.039268227697111024,0.2332634319784343,0.056377764234309256,0.05296985007231867,0.22287420138240466,0.03332312609421326,0.0015469883003119426,0.010208508700874863,0.09689564795215154,0.18249805902680735,0.04617360855110261,0.024600586009960502,2
0.04174489175928151,0.22146736239227324,0.054063761656248335,0.04270639624078904,0.23892957054156222,0.05166723356128862,0.0031281315957629166,0.017840532556471823,0.13480846125348542,0.1345506856628502,0.03077757252304967,0.028315400256937028,2
0.04091375700478352,0.21526462171010408,0.052065178569084575,0.051446296140304014,0.25371029246330945,0.05038473784399691,0.004207859694094717,0.01753834804456904,0.1142159444755649,0.14101915917178645,0.03630949465635639,0.022924310226045925,2
0.2218957987127507,0.07409770418465768,0.010117515546098285,0.012797689672254274,0.07494698722884263,0.1076899823350887,0.02971762104746589,0.052388089034624385,0.05368773640117664,0.2602334122806729,0.06543974047169977,0.03698772308466814,2
0.18819404529816747,0.09830335255879386,0.023675592826409624,0.01651200617718903,0.07733193132459812,0.09042139662876779,0.017339726720121424,0.02095082630161614,0.05919939816671811,0.30575204639097775,0.07455644621929527,0.0277632313873454,2
0.2610423713171063,0.11309393384651276,0.016739672736671374,0.014968742866871429,0.05455483079822718,0.14769401600576543,0.05957108086822428,0.02179111423734224,0.027417150240670773,0.16078013522491205,0.06632420773332748,0.05602274412436876,2
0.2040954539672215,0.09708637405222094,0.017634617499316937,0.026378037784988578,0.11032143570819006,0.2141083002305234,0.05534534277082741,0.0225410469493869,0.03694541122631014,0.13926507093681567,0.032620072087033776,0.04365883678716465,2
0.20401850503248445,0.07943786096064337,0.00759008911997942,0.00682285208064638,0.055641628675063406,0.1248481547437753,0.022498741792073233,0.027600523827436232,0.06075839348736773,0.3054173545902368,0.07501335698180922,0.030352538708484485,2
0.186663223089131,0.04425645663618948,0.013308016383031713,0.02065236424258311,0.06036447619010171,0.23718442879729723,0.07337866606996048,0.009444993016602257,0.049626992129134816,0.2276565258094048,0.042876321657288406,0.034587535979275004,2
0.23704534113123402,0.07385939967516277,0.01585790421238815,0.02172155785106084,0.07998456407906787,0.2288969573908083,0.06028213579257383,0.031207440150680808,0.036482152549610763,0.13246827202784728,0.034725453538346336,0.04746882160121907,2
0.12086992063296322,0.06717644376905212,0.018871144850320067,0.024842401841476507,0.07625841763866686,0.13510642290883168,0.04314285494046507,0.018334259159581687,0.06901923768661879,0.31170947845884533,0.08029261566159342,0.03437680245158523,2
0.06564343074782099,0.03962833780121585,0.025684707536805098,0.028679626748699918,0.10992000234380722,0.2922756668863986,0.08586729949461656,0.025666303962499085,0.05412657144949828,0.18742363202226617,0.05704288171097927,0.028041539295392954,2
0.23400114007049963,0.11911171026436418,0.021820645356520577,0.029703218373218366,0.10850620584312202,0.2054734916876512,0.05468246895190168,0.04748084596422624,0.03328229710064505,0.08893636856325747,0.018429441548333942,0.03857216627625964,2
0.08785807240375908,0.047188950618232854,0.15275526504116418,0.040939581870472086,0.07202130503707335,0.23636820332977662,0.04434026208700057,0.0033880961348563693,0.04437635445866039,0.21742044687870524,0.028374870013102505,0.024968592127196758,2
0.08901694168078304,0.06799724710063625,0.13194112696986834,0.051054262415875816,0.03928876927187523,0.10810932522246375,0.05962465471032985,0.009958717206347632,0.05124616077928185,0.27168513643103775,0.07918917405891021,0.04088848415259024,2
0.14164349045804653,0.09817130366945172,0.10948517812006432,0.029348804751990348,0.043155087314209715,0.09812015724218388,0.04655194705623794,0.015373168169518522,0.060207022949008114,0.2554613450136354,0.05158585029788097,0.05089664495777257,2
0.1451918898610179,0.07645124914918343,0.08528867893839241,0.03284053034206957,0.05587860183109465,0.0967117404783087,0.04074074754319679,0.011683796146533275,0.06407470328512631,0.2726931565752241,0.0567731677442101,0.06167173810564277,2
0.14087005346046688,0.05522015588033718,0.15733622856061164,0.04486029028291939,0.0614393429806044,0.1568263323756351,0.027101915986721202,0.004239462452697618,0.037663185278163945,0.244749173211391,0.04064977685132078,0.02904408267913087,2
0.12447008930571699,0.08158026792996632,0.10044820612519582,0.03665480814841526,0.06358261295216944,0.11131298374699486,0.04762212069316012,0.012827320642946144,0.0608052987698428,0.2537742646250488,0.054534641294170544,0.05238738576637287,2
0.11580889631596386,0.05488553682258849,0.1781477485884415,0.04450721090146236,0.05086952889197018,0.16127314843059623,0.028000277139661314,0.003066820561908959,0.036771518860210975,0.25844159229924923,0.042525042182057896,0.025702679005888993,2
0.09450145082919575,0.08663189508916855,0.13291591994962793,0.0370376873674595,0.061885001427637025,0.11849404692742617,0.048234585472219725,0.012855023837830297,0.08083881759844577,0.22239549196151367,0.05051258507600624,0.05369749446346937,2
0.10402867695827557,0.07240081704917145,0.12204413167153709,0.03706553753332237,0.0572005869128834,0.13516736590938344,0.04917363775727701,0.011596230638513534,0.059661025099182204,0.2426885470581884,0.05819780908470977,0.050775634327555774,2
0.08774050232479758,0.05287974449356189,0.14435849681109778,0.04886251686596237,0.09006080599626916,0.20250089188664802,0.043068770257037585,0.005621286135049165,0.054132824670978255,0.22120225190045603,0.0242426305267071,0.025329278131435064,2
0.10576431665223716,0.06301327262340314,0.1635947430205972,0.06122896851003065,0.13470623024643172,0.03526939089984246,0.04840710514407625,0.19700514906524563,0.057588081330682724,0.01244132013911177,0.030870054729428827,0.09011136763891245,2
0.13438145598987683,0.0705765629169664,0.1855338313578296,0.05754128943033151,0.1231242116717131,0.026271056375827682,0.04231079975480946,0.1961771387199271,0.04268220190784709,0.009140668306987598,0.023344472453105163,0.08891631111477846,2
0.1532771886950339,0.03922070167888767,0.018309082489132256,0.04603298481923489,0.24506816186520516,0.04262063205785849,0.027763052549150666,0.28279864898988805,0.06840100937941339,0.0030744487208854035,0.012128226644468056,0.06130586211084207,2
0.09328974836092054,0.04460589090542572,0.1761445759992969,0.06983094050782573,0.16923372398879372,0.033545242994976236,0.026314222989917837,0.2280189546616321,0.06123050545366479,0.005522452471179473,0.013028282027231733,0.07923545963913523,2
0.09751176619981053,0.05627528438264779,0.16504517784022515,0.05586055047867938,0.10422225374079369,0.06030444584313063,0.03329086313898218,0.1644305813767703,0.07079915612220888,0.029699571358896084,0.04617484802297734,0.11638550149487803,2
0.09696774312893061,0.05351319765225786,0.12135248796507107,0.04737826515446915,0.1266117117419723,0.049267206820661186,0.05193283587175529,0.19762914699383563,0.052862673781744876,0.03361156119887315,0.05444187941071808,0.11443129027971079,2
0.08110720686175532,0.04720543975947444,0.17159232121674595,0.09121243191917155,0.10286302059687466,0.06217350116372751,0.023751463416284885,0.14744677682211657,0.08985438280607594,0.029216622639430916,0.05370071989040763,0.09987611290793462,2
0.16307227105629277,0.043017983650360116,0.026160173625647383,0.04717828756276141,0.2497124970656616,0.04404097041216266,0.024952854681421735,0.26508649206751966,0.06576286900299934,0.004000765416021677,0.013810454082174663,0.053204381376976986,2
0.19747121682333896,0.03728147380946001,0.029964811763487555,0.07246607103458583,0.23579708578964448,0.025421707960961788,0.040248697536514215,0.22646879749391063,0.03636051415411334,0.0038292896580929656,0.010846787040205034,0.08384354693568519,2
0.208302950743196,0.03637756011613045,0.008940029920355337,0.0777927192093318,0.23324165177699815,0.026881085240758832,0.04077894575167534,0.2393392424707827,0.0366222101433649,0.002370100658085601,0.009565977563620407,0.07978752640570048,2
0.03589511499341714,0.06910472945501468,0.15635449008348346,0.030437793954041076,0.03700918179650408,0.04806188180202161,0.2929546666141583,0.06039827737159611,0.030364098382210516,0.18156474679812112,0.039069224166386016,0.01878579458304586,2
0.02899057634575464,0.07049522441655545,0.13785203966841816,0.02977804288828124,0.02952311326340124,0.052260471810568546,0.3308836284358654,0.06883147140348189,0.03352230311356361,0.17144462104357872,0.031499564868730415,0.014918942741800669,2
0.03456680759973778,0.074770453450169,0.19751162872057765,0.04202366162116928,0.05410707864886656,0.048384162264784064,0.22561296630455724,0.034963321589428456,0.030427017824227402,0.1875180723105856,0.05410348182672586,0.01601134783917112,2
0.046312098704010686,0.10757014684991471,0.22847109336866386,0.046042217325409945,0.04950756527697247,0.04308616838688822,0.20079038327058035,0.029269107957314376,0.026599602432024194,0.15799931912909196,0.04494898349237348,0.01940331380675575,2
0.04323783050454224,0.13569718079355006,0.1269784966458642,0.051830444519385156,0.025283143161603284,0.02951394788868411,0.1625494097218381,0.06848717318148574,0.026860502572721053,0.19816804764265514,0.10181020869380508,0.02958361467386586,2
0.04260155191058758,0.13033487233548988,0.12549317414005864,0.054633360818145286,0.02561596333734775,0.028095199436047335,0.14790766121533272,0.06873584039497782,0.03192346836561435,0.2059153795685425,0.10720330337984114,0.031540225098015,2
0.062250183173248735,0.1470367974448362,0.12380797390623333,0.03380264312895753,0.03860267213578125,0.045260297986370865,0.13675689107949662,0.028629040778572465,0.05015582190587335,0.2392878073457074,0.05861047131052128,0.03579939980440098,2
0.08325438101509818,0.14913200056491785,0.128478251858933,0.04394950937437131,0.02614315650363167,0.04104825522314575,0.17484046517356178,0.04685627419435115,0.040794758515822344,0.17421407988053203,0.052803899746311576,0.038484967949323365,2
0.06403316098771263,0.154212852198235,0.13899957542403077,0.038980378350987076,0.04877693979729342,0.04265582054807606,0.1306176276371883,0.032957604050296775,0.049795649529451896,0.19376612495767032,0.05628735065141637,0.04891691586764139,2
0.047549679800521535,0.11975320178602679,0.14031074635866211,0.035237160183365326,0.01632869006824784,0.05570510331739408,0.18517564525891694,0.04282333608465105,0.057574245965426325,0.22619303059883697,0.047608146347800556,0.025741014230150443,2
0.08681505335386537,0.020527133730934646,0.03978235726214268,0.1574780767819388,0.10201572626207861,0.03479087814592672,0.09723670565404297,0.057541428612553756,0.20577134815565945,0.05215887703489118,0.023402035898962472,0.12248037910700332,2
0.04095466646212773,0.0014864975058730705,0.004766379928285879,0.06924093856658316,0.3229813824339756,0.07383888071441394,0.01476639442833581,0.036736025012358266,0.24117722025461724,0.04813251724364497,0.012406911449370527,0.1335121860004138,2
0.07821734531312818,0.020335381837213895,0.03268093441613383,0.09607470754039922,0.13812642682750143,0.05165480744955645,0.15958522008638865,0.046790649538372565,0.09151755694699491,0.03253104944922724,0.037049147453425524,0.21543677314165813,2
0.08863360925681713,0.025089255899679717,0.04097183864241443,0.12208884621992082,0.07464707140333016,0.04024308987628215,0.19661170997745786,0.07113544496219662,0.15589841971720184,0.04061733972897371,0.02457796731670781,0.11948540699901777,2
0.0952679078298831,0.019562654946762893,0.04244704568759687,0.1703349747650681,0.10921201249662124,0.03277305357513622,0.13329632918294307,0.06073775068824959,0.16494440288542023,0.03785620134891697,0.019342178921959004,0.11422548767144272,2
0.1125755041458021,0.017497492051879365,0.03753499909106452,0.15097437154653892,0.09295001912323654,0.04417446337071284,0.18554722621652647,0.05846568989787131,0.12712786856094951,0.033554802186306056,0.02158347959380666,0.1180140842153057,2
0.08474472484495235,0.017128220253717158,0.031957846563361356,0.1483457882737598,0.12540650614293716,0.039776774557916054,0.08039082354214501,0.05430465871578701,0.21331632089147035,0.061085054420596634,0.023103650576463224,0.12043963121689391,2
0.08323008776427748,0.015599548473921315,0.027617448416935964,0.14513549929263558,0.11310981810664411,0.03428617406065048,0.08653770816633946,0.0530957793863466,0.21196377960147605,0.0726353446515595,0.025129921110114403,0.13165889096909902,2
0.02263104120656342,0.0009923865288992088,0.0031191082198698144,0.08101962584900836,0.4231866801881703,0.0813161957562154,0.008206640474453363,0.03107156864074105,0.19166855919752884,0.031387040701825464,0.014506217577975626,0.11089493565874914,2
0.02189971245632999,0.0008323814967666474,0.003953423346484242,0.08478561318890679,0.39172542662105647,0.0757201080842086,0.0119987088828029,0.039634700369051035,0.22581898585231547,0.037479221857328465,0.01163504964586065,0.09451666819888872,2
0.1122683873977651,0.050192900829594364,0.0178329452679439,0.07590410888996227,0.20986704096963513,0.05247388276332724,0.03851381722880384,0.06533801800676066,0.09985168446236184,0.13882790854241847,0.07098680238200242,0.06794250325942477,3
0.07918851000441517,0.044413592702866586,0.017609347101284555,0.07799108806666638,0.24116850469066456,0.06221214790573042,0.024803992412813336,0.09411359701933242,0.11145920999850022,0.13688156519241368,0.0715641039335121,0.0385943409718006,3
0.07652140383641132,0.02335131097672007,0.009680399808447251,0.080624668009952,0.2840995970302818,0.07949240327463897,0.024640187428459616,0.09271439019490425,0.07527693979789635,0.10086865263123404,0.07595590664475352,0.07677414036630083,3
0.10351676901377135,0.041527293014899956,0.008849988237195468,0.07028972404948962,0.21299464846242844,0.05540095790463925,0.035234102801892146,0.10119086301027146,0.10913287396915003,0.13007017909468288,0.06439131759379105,0.06740128284778836,3
0.07704469152518109,0.04666793821475071,0.020458055499963584,0.07047409335793625,0.21266948547638106,0.06214694255342142,0.05179186449827079,0.0678889871083679,0.105546247792336,0.13471199921714996,0.0970118120541778,0.05358788270206339,3
0.096596440675247,0.035253049401858846,0.008575977216694545,0.08626298089360657,0.26366987128676106,0.06225637857627881,0.023782041140869396,0.05305613246122789,0.10153824011906995,0.13990653105264142,0.07601172026352272,0.0530906369122218,3
0.0555396330953743,0.040949794891031774,0.016817613030763158,0.07108759559352335,0.19095668907413305,0.05631690452888907,0.03623030005146201,0.13774063354428354,0.1141195653176685,0.15516913416667116,0.08240293145507015,0.042669205251129966,3
0.08488413887372531,0.0573766979354282,0.013593289814757308,0.09355378709130512,0.25528792512059134,0.07304741852252582,0.025859397217600506,0.06257596546625567,0.09226350632621062,0.12679664626937714,0.06444856868939788,0.05031265867282508,3
0.08013270894411534,0.04340288673126247,0.01266156909161775,0.08918689327453941,0.28953533658697816,0.06870626517048654,0.029553984478076178,0.09009211341477098,0.079157350573012,0.09177953139979053,0.04965616267738524,0.0761351976579654,3
0.1454781587760098,0.10787131616815832,0.011673934442905723,0.02765552987874518,0.17204917205436007,0.08972318927886454,0.013484025047698077,0.04959991754825132,0.08307181295616752,0.13638426203977053,0.11400211375832843,0.04900656805074049,3
0.11224497756011233,0.061505552641704285,0.11767406975322703,0.03617672195694674,0.011871041528206791,0.0538917637636527,0.15851496987863375,0.05990166783562175,0.01893422613389624,0.034809023497180916,0.12142799303983877,0.2130479924109787,3
0.09397675715161767,0.0825505408392734,0.16257178733454175,0.033664220910551476,0.013619207291943464,0.05601463836044283,0.13883518074229723,0.054568648827823626,0.022750502888839744,0.0360323895914635,0.12013186519708155,0.18528426086412378,3
0.12909731126727395,0.049520656037011654,0.08522235182046023,0.028049638710087147,0.009511793617720626,0.04916310764782718,0.1485731875286295,0.06369379845421622,0.020743604405873296,0.04312092892783042,0.1388116137715173,0.23449200781155252,3
0.14473170605193708,0.06717477603584572,0.07675517726118915,0.03654917422750247,0.0125965889050785,0.045994681531241095,0.14902202504256992,0.07364969875579656,0.029253920786368705,0.040517954279223084,0.11306283792704236,0.21069145919620538,3
0.1358119581989687,0.053348867483787296,0.09459762944729493,0.03069391828139522,0.012450595114241653,0.04262948794439808,0.11266596374546668,0.05630622751445106,0.0333409050518769,0.047249627896146236,0.13956477691266647,0.24134004240930676,3
0.15273148205114623,0.050744362117299005,0.1002141838814965,0.029809881143274285,0.007291364108466688,0.028793850991871765,0.08614151829016325,0.04375930671698788,0.022840045071092153,0.048676107532226676,0.15784901626935366,0.2711488818266219,3
0.04809827938363399,0.07945979194373703,0.28232327749650593,0.06040615597468936,0.011793963576490915,0.056063815837584345,0.1679442510574741,0.05380058948677258,0.009894230615251664,0.016693098956415197,0.06728385343899887,0.14623869223244598,3
0.1243254124618706,0.05592114632150271,0.1318116673727948,0.04373068883734259,0.013655293064961828,0.04144798755050353,0.12022619206019097,0.059503955124598905,0.02750891048873259,0.042936359834104314,0.13366646992392522,0.2052659169594719,3
0.1606213335990222,0.05824133948965742,0.07117071252355459,0.027808910766663395,0.012751353320569075,0.036447447784233436,0.10256573659112421,0.04928080674968157,0.023072806861105886,0.055420746834879527,0.1659586743387839,0.23666013114072482,3
0.11329214925743222,0.0542159785971372,0.13460392963121695,0.04165327851759323,0.009586699325837913,0.0474896600337468,0.15380599047646712,0.06309440275164564,0.014693405886564592,0.037645821895997605,0.13015798679455756,0.19976069683180314,3
0.10339166560811176,0.032010231168507014,0.03801908994079065,0.054749828012997916,0.17073520555837174,0.06386617713042561,0.07255617188153105,0.07942270272970356,0.03893079405299212,0.030794792721161684,0.09949591045174298,0.21602743074366393,3
0.11043001898611939,0.029139218162499866,0.025267492460256096,0.05936624256726111,0.13405182485472236,0.05397631762118316,0.07429018070778304,0.093455050915048,0.03930604125411279,0.03959796373728262,0.12505879139093193,0.21606085734279962,3
0.13884339733700138,0.03281081774058229,0.021214921724424098,0.05294882462277035,0.132839943098661,0.056407036268338935,0.05119793742818741,0.06535190734566049,0.03725079664170575,0.04303480217827638,0.14416649210729163,0.22393312350710032,3
0.13644060401675845,0.033758415085234625,0.02808071695623981,0.03442840861232402,0.0859414258176923,0.043930177689106814,0.06000765732272895,0.09364548195006908,0.05746331416196221,0.048231419278358154,0.14164495191559676,0.23642742719392884,3
0.12806800844108657,0.02731584999686881,0.016187101122985808,0.028535041397388664,0.08234250259368273,0.04571707934922172,0.07253751269619822,0.10293579328328833,0.05607662060311195,0.04693858364794052,0.1410577626048925,0.2522881442633342,3
0.09941118942843563,0.022151048952974838,0.028257994763803796,0.057406898470815745,0.1757537880757392,0.06293084946660452,0.06584868394737164,0.0767167918852193,0.05078468020494145,0.034134076739558705,0.10849867181734511,0.21810532624719006,3
0.1290434383859943,0.026179495644781288,0.01854628125838662,0.029700693475414656,0.06450249047989003,0.039592031874814616,0.07589638230331006,0.11724559629216849,0.06251615727434046,0.048146251627957395,0.14508721064993613,0.24354397073300596,3
0.07306436153815263,0.024640497736508005,0.05203849434114273,0.061867050878546534,0.16441657815182043,0.06006346482413651,0.09572436512313315,0.08707683350038871,0.07615442978321323,0.034795008514464335,0.07904323412222622,0.1911156814862675,3
0.13139607331045416,0.03261298949797498,0.0303332962304362,0.04419901542142844,0.12443541720002933,0.051106207833954975,0.06777610113840739,0.07770182784716775,0.04103586120922131,0.04484831674060385,0.13186119670544558,0.22269369686487606,3
0.12364763376382996,0.02630320465832302,0.014446323589034863,0.04437026541217156,0.11540483332449462,0.0454702446786196,0.05140393394549705,0.10445963312663528,0.057466232794343396,0.04735468588113736,0.13593173802216044,0.23374127080375287,3
0.05304534251214336,0.10070398791374008,0.28058783216516325,0.09105818966893012,0.012926139754925098,0.019187705695669362,0.07381352321841372,0.17793393997583293,0.05297886273554595,0.03676113233647239,0.04797240221513235,0.0530309418080314,3
0.07764113117886016,0.07041822277252392,0.2039033727988633,0.061124966041426185,0.011183281499594213,0.02290357508933793,0.06944859857091856,0.1395069963488134,0.06162751933859438,0.07831394383405094,0.08800804870335101,0.11592034382366599,3
0.10082302864092905,0.07020750236604988,0.13372285016816934,0.046514158059351496,0.00979836598040687,0.01984631122992569,0.08511556350006487,0.1430569933484159,0.053166701516948696,0.04511354135415848,0.09107060704179458,0.2015643767937851,3
0.09197825135760077,0.06267199091712428,0.12508817529027438,0.05069480837384321,0.012621224938511389,0.02103365669709266,0.09748513055122776,0.1638697671652194,0.05301859340325367,0.03936224276031658,0.0697265328410904,0.2124496257044455,3
0.11490659297318745,0.06365755161216621,0.0985312503987039,0.04230856299744114,0.010130921117481265,0.020911123228584565,0.08376047839030798,0.12311029689822435,0.05934963982527075,0.04586760440255621,0.10856840855848382,0.22889756959759236,3
0.10225515168874158,0.07576546045194225,0.13298686394386694,0.05427994330517025,0.012420407481076359,0.017023243124339074,0.07152742203657904,0.16892725193107236,0.055037618458582266,0.02991838440871449,0.08969827897845434,0.19015997419146105,3
0.0885566962440432,0.05372591168547299,0.13235933053471732,0.048356319753797485,0.008967176559389778,0.01998561283504342,0.08716355804820179,0.16772740043920997,0.06081780520868344,0.0480518801053969,0.09863292005709169,0.185655388528952,3
0.09901318286484277,0.08596994959422431,0.1492996458391781,0.0697051453745304,0.01290492078452854,0.018893214526971458,0.07518820158345761,0.14135529403146643,0.047607420948906395,0.037166624034598424,0.0852323700701317,0.17766403034716385,3
0.07059583019154846,0.06432250663498261,0.163613208550373,0.07229676887246171,0.01252543327054155,0.026720898056696713,0.12050395713254601,0.15695010295471784,0.055363890730265146,0.044386650800499,0.061963443237830367,0.15075730956753763,3
0.12307251485037433,0.0766495119841031,0.13979847015185531,0.048933375223574146,0.00985412550634282,0.016950118550456323,0.08035082870776426,0.11639418822136248,0.04017781980849928,0.04347433534178872,0.1062978723215351,0.19804683933234415,3
0.07103197853773599,0.20554943507604898,0.049994977936884254,0.06312896022578364,0.20565099183697774,0.056800628353079766,0.010697874686436376,0.02835197884848518,0.10659224095257785,0.12066464694266757,0.052111421188064735,0.02942486541525791,3
0.05719292226333148,0.14618468628923206,0.03768235586164723,0.07320585253200707,0.22357931864230035,0.06251879709523253,0.012265059109536682,0.0411551003016233,0.14955301630496456,0.10467277510515334,0.04671379720540227,0.04527631928956911,3
0.05823990015626976,0.16487098486890184,0.040752010130683955,0.06896880877826897,0.20747423932721956,0.061883160345629094,0.014676400688596533,0.03835737005861569,0.12232052491281284,0.13369372153207845,0.0593086832445213,0.029454195956402012,3
0.08427465284116037,0.21495778443391747,0.05055232418387498,0.06832101930329966,0.230275760708262,0.06434961290573708,0.01453460633645309,0.028789075546953043,0.07495698974929296,0.09487876494148655,0.04836673685476489,0.025742672194797894,3
0.07236632511501313,0.22061300491510633,0.0526557916345339,0.05692394086689552,0.1325554923856063,0.027644566479985595,0.01742381504835216,0.05531638767439856,0.20681097371694424,0.10561083892524331,0.038830835762255725,0.013248027475665223,3
0.08771327875588177,0.23169992997488223,0.05551277981067308,0.05309282338799927,0.17810192307008185,0.042817408116067435,0.011502883046934602,0.02867484298245722,0.09484961595209788,0.1142483296737554,0.06424437949261183,0.03754180573655744,3
0.10233187058159618,0.27139712769867774,0.06275275344896206,0.03939473163910988,0.07845288295291905,0.025848476656376428,0.01680894629255195,0.041358285759504995,0.11174161815107454,0.15827479382296816,0.06942500104371235,0.022213511952546675,3
0.06456003282956996,0.17630763843188801,0.033711527985403215,0.07389259145937042,0.20284129226376493,0.06690950483915008,0.023910556174651026,0.05783996757800448,0.16820054964441816,0.09074331217742038,0.02788924640235125,0.013193780214008065,3
0.07716959288652428,0.19740205694079402,0.04790457917986207,0.05359280662424721,0.1649427925103864,0.04953584014682854,0.016013805436234586,0.035451459917026806,0.11845513273247697,0.13708006199113812,0.06747820903470589,0.03497366259977509,3
0.09866555646802225,0.2885257828887365,0.07041405132014243,0.05622854867481971,0.1608147370648907,0.03912392341410308,0.018642846138349097,0.03557227478541817,0.08791553064330035,0.07575460643711059,0.038536041784706786,0.029806100380400387,3
0.21719583730977896,0.08722338388730068,0.01370906590482945,0.01428176648078742,0.07523234641458768,0.16718626446634768,0.07047498785848819,0.03667306277919032,0.05928143049396303,0.12366685095354019,0.04645383421301092,0.08862116923817548,3
0.22579877503685483,0.132199933156126,0.027389486023262216,0.01307594526329652,0.05831134264925988,0.1738424697548356,0.09126611740571311,0.029137742928682955,0.03019315762433573,0.08243865928949229,0.0670375528023259,0.06930881806581496,3
0.19840218332218365,0.1381552799054003,0.026657868923200878,0.013163948382147116,0.0656203973628479,0.20208640467966324,0.11807648764485139,0.04979468654356383,0.029995486398759152,0.05887132095025759,0.044467214181113705,0.05470872170601124,3
0.18040025053648912,0.11344699059633544,0.02603294137635232,0.0150460852172843,0.0664539443552456,0.22528253773866935,0.12220888142016584,0.05179418571067489,0.035315742444448676,0.06924378097665962,0.04170075689164563,0.053073902736029265,3
0.16693125953661056,0.11201848749322303,0.030393449213647648,0.013597189511351625,0.050901336756154256,0.18672039240033642,0.11274317854654753,0.05154969266897027,0.043219231163591804,0.0961038065136584,0.07273052263623839,0.06309145355967008,3
0.17513455354233817,0.11490312522928953,0.02684238766253732,0.018260838716923224,0.08508335968049344,0.16169252789460062,0.09721674244393809,0.07181212942013025,0.0636918784163032,0.08259038571039885,0.05094465852796843,0.0518274127550789,3
0.2085386106097601,0.08396010967083906,0.01645043907087611,0.016812865538688184,0.08521412723691885,0.17012976594523116,0.06895505547476334,0.04747574325301576,0.050471316289867,0.09787413805815978,0.05067282522096284,0.10344500363091784,3
0.18798187564262855,0.11905308113256166,0.025534871237847076,0.019176327914266347,0.10086437531141045,0.1714615023144152,0.08938152997648656,0.04455802801904492,0.038080825937865014,0.09151749895377702,0.05480896064886956,0.057581122910827634,3
0.24352983622871097,0.07825910902447748,0.009999097251706867,0.01271860948793277,0.07572071712850935,0.1495607972358934,0.05345102225232308,0.027781136169359254,0.06781989983247672,0.1377335213783561,0.05364071929883014,0.08978553471142385,3
0.2508082147288036,0.08887499002312357,0.01147520945279268,0.020372966875584837,0.09151152926045301,0.16129199056127047,0.0496612096876675,0.027794885543916684,0.0593589675378451,0.12665668206923247,0.03626592823820942,0.07592742602110064,3
0.03199405051338281,0.07943885677344117,0.2126986832240516,0.09279435237792656,0.10457399555091798,0.04187075208873521,0.03869324000077131,0.04734369048836759,0.09715795815854518,0.16752452276834862,0.06374753073158475,0.022162367323927207,3
0.04664404289202073,0.09030638965630383,0.13919378021025314,0.08071706415239986,0.06349729982298494,0.030999560764827423,0.03583991623116452,0.03423247718018892,0.12172185435752478,0.22568832015906248,0.09670764801426285,0.034451646559006524,3
0.01783124603095499,0.0756707801398243,0.20461245888567728,0.0831158889948883,0.048479911150346715,0.02527345246401162,0.04380807335791887,0.03339053352508152,0.0941365721689852,0.27465906508521876,0.07948357847674103,0.01953843972035141,3
0.027830709219275693,0.11202073763073296,0.22984927200311553,0.06512186438953925,0.01379238744871193,0.027420624908018013,0.047605433054528516,0.025732808773820462,0.11693235088079743,0.23483064419484517,0.08369681712703536,0.015166350369579674,3
0.056638125611585655,0.08286738474046973,0.17824664723791558,0.08409505621715097,0.1451046848640394,0.047068505150430685,0.03492706357116889,0.03002048023769255,0.08292011415425776,0.1836876439831906,0.05763939440132094,0.016784899830777234,3
0.043441585646415544,0.09025756675205716,0.23277402608573694,0.079951463599044,0.06015331454431433,0.05491720766594051,0.03782148213587436,0.03394154461873713,0.09902843721523254,0.1737061773782017,0.07035574712058676,0.023651447237859027,3
0.05662282936197242,0.12261602103859662,0.20932407421324778,0.06756764316311327,0.03323653502918168,0.0515465804085675,0.0665026484224076,0.04335706142712798,0.09174692905730546,0.14711127754246403,0.07244052387767037,0.03792787645834527,3
0.02725226545939847,0.11001829353284776,0.32719812227645584,0.08798019793082267,0.017336700908602187,0.058015568897279685,0.06611607969183879,0.02767775265917346,0.06834522683072204,0.15252137641818422,0.049156200937227945,0.008382214457446928,3
0.03426159006134582,0.0722855539058911,0.17099970094275344,0.07872226246904301,0.11445625924827374,0.043663175321969165,0.03739027173343255,0.03857082363833227,0.10376103555439822,0.20743421436317735,0.07765278891717702,0.0208023238442063,3
0.03782794984686346,0.11383651641359736,0.22920201493854525,0.09413699939843298,0.036482008088807444,0.0337712508481326,0.042224099016985726,0.03366100756460475,0.09401141969090877,0.18068398395535396,0.07816223994506034,0.02600051029270739,3
0.15611032345398118,0.07298182556229275,0.048663984874777605,0.0742806484388883,0.18166235703883987,0.06111812970080461,0.05325531085081858,0.13074049695699616,0.04657745057093733,0.01564844298581018,0.041399490515642706,0.11756153905021072,3
0.16050513543668968,0.06810088520813858,0.055594788993070576,0.05936794957248021,0.14726656862330134,0.05329604829137158,0.04965812782101762,0.15079748100538704,0.06564894373494717,0.021414564715904045,0.04978374208528876,0.11856576451240339,3
0.1795334786495907,0.08339915210714297,0.04405725164687793,0.06603743805421433,0.2025490700194547,0.0515320647681382,0.04135299033906407,0.09952971259946741,0.04465262045046646,0.01610236289880778,0.038774305181322244,0.13247955328545316,3
0.22160485728026924,0.11242015857426442,0.06365542702534133,0.06749504943227037,0.1561369353292933,0.04635447000759019,0.030069558348599076,0.0629581398482117,0.025219626812111855,0.014695605206545176,0.04519723190813183,0.1541929402273715,3
0.213503568871007,0.10035957534848418,0.03943414830824593,0.057569063968640415,0.158965286103121,0.050280109964762607,0.03915762111545858,0.10947290676352546,0.04339151008025908,0.019076721843744638,0.04790790661516534,0.12088158101758578,3
0.21650403150545833,0.09525312000288913,0.035805504441524125,0.05877517448076189,0.1741848750378677,0.046449185453845694,0.03891422323073756,0.094136245991157,0.04070817414263757,0.015923972212996428,0.04143154330679722,0.14191395019332737,3
0.24582807751319818,0.16089416918075938,0.06051251292509291,0.026934585816330653,0.08515629772497674,0.05547421656128704,0.03454147582435366,0.09607865956500135,0.06582117229866907,0.023683529604301617,0.03894429987441663,0.10613100311161276,3
0.20110732045971733,0.09231570564649529,0.052535214421511156,0.05833153528261142,0.14371209802943308,0.046387115250588466,0.055873555542500626,0.11715237867777814,0.050158243077257414,0.02077856754115895,0.04072913356797586,0.12091913250297226,3
0.20537262834945805,0.09175799618875176,0.03209753960095858,0.053762506254810605,0.15503871642397893,0.044326005471061976,0.05664404096351897,0.12879634377275287,0.04314223897873106,0.013845125995819621,0.032964031497750165,0.1422528265024074,3
0.19840249175592045,0.12226598832953678,0.04531290727545773,0.031827727761091475,0.12697072785470853,0.07545621412668775,0.04515823160439111,0.14378592418480296,0.07758225500456094,0.018051428161431068,0.030029257920247823,0.08515684602116337,3
0.025239552635738967,0.086443793042255,0.14653970469654654,0.04967231808164883,0.023500824282542465,0.04004473208402245,0.12240582265324379,0.05277824131684547,0.1356703255494275,0.2181092250328935,0.08135204387512354,0.01824341674971194,3
0.04043037505132655,0.08722961705215052,0.15405736134694673,0.07236202548427433,0.09795646334471335,0.039156999782148594,0.07953204109268541,0.048947610393442864,0.08149323920146835,0.17137711198554464,0.08284409052688184,0.04461306473841683,3
0.034910562631881824,0.10755087455288423,0.17864445170898113,0.0913003431512423,0.1509370480821816,0.04553619601810919,0.06328938207567984,0.04028453391151308,0.07026922219806488,0.13244950382470813,0.06155644918190186,0.02327143266285193,3
0.03719089787689543,0.11329832410330161,0.2327892141044989,0.11425024730538244,0.02551182946253313,0.024263221679234885,0.10754710058009462,0.0574425434230494,0.05767741326125578,0.1343868497778303,0.06731822293992697,0.028324135485996535,3
0.017288290886059553,0.08457188038798719,0.2343659780361058,0.10510486722560813,0.12611390392809346,0.0330982945818983,0.0400291455886107,0.03410978397498287,0.07876469038141755,0.1676680843281341,0.06495376657216903,0.013931314108933331,3
0.025362453378818834,0.1082797985105276,0.2760343033107943,0.08427998390125585,0.016073558567599122,0.029276130384337205,0.11514907639121476,0.04755403399843659,0.07756077247224939,0.1513167920786311,0.054313631051953914,0.014799465954181282,3
0.04260658978029602,0.11346195933812905,0.2407628637236136,0.06199545700120422,0.010463761951786714,0.040948686126036145,0.15502507419471423,0.04950364556725381,0.07561807314820101,0.1279320967280951,0.05769155541492126,0.02399023702574881,3
0.02529641457981856,0.10277875022913018,0.2202988329393202,0.0828783436582429,0.07044062243474822,0.028092225153682253,0.09042748503019477,0.046613662388336245,0.08909815595166384,0.1742662070303381,0.05384887647261532,0.015960424131909418,3
0.03092479751888725,0.13520444304914045,0.25425884755631584,0.06818385386917997,0.00894175628014603,0.04371676409134102,0.2079800648623541,0.04973454874177076,0.04991229457108746,0.09392024358491818,0.039254878614644204,0.01796750726021475,3
0.027136761194817637,0.11199013385755484,0.2233746405328933,0.07726468701968695,0.034489208633179703,0.03520405251121325,0.1469888859733513,0.052126994252613135,0.0769566745349712,0.13321701680692696,0.06023769153902486,0.021013253143766873,3
0.09827384379857328,0.022589651503944947,0.024037785320849023,0.06704117660513231,0.17115849432845556,0.05593287577841307,0.05565607580650265,0.048657181088993216,0.10808931229452147,0.046237429813934236,0.08725110993539334,0.2150750637252869,3
0.11112753604679466,0.018347315872439533,0.011733986681779416,0.07557419338407127,0.16898646515771215,0.0469609689965985,0.03672069893539975,0.03641462481218691,0.10407223716226661,0.05269402798790695,0.11533581594607656,0.22203212901676772,3
0.15820826566000443,0.02813168213821446,0.0067549435390516005,0.031951539603970076,0.09808057730400867,0.03550790274001095,0.015544440672282644,0.036557162376842464,0.09273670024205027,0.06557090455654056,0.1618545920852458,0.26910128908177805,3
0.1335885105852515,0.029656793191191043,0.0152674000681324,0.053913666107505566,0.14958740686532107,0.05517390297018676,0.02353759081181127,0.03807255777087676,0.1047784967311263,0.058342334061576816,0.12512113744051145,0.21296020339650906,3
0.1211222949621165,0.021465001410974398,0.012074380230895429,0.03823935693412018,0.08319003897364664,0.04108319669991156,0.034524015099042696,0.05953481071102682,0.1339097683165891,0.0718932246538598,0.12895661260406174,0.25400729940375516,3
0.10002968889700316,0.025739193231186636,0.02111764809424802,0.08606792889899256,0.1634974319491727,0.06407717031442259,0.051930260640605984,0.047287308905755464,0.12139491947437472,0.05411928481904102,0.08978436159766115,0.17495480317753598,3
0.12323461409143607,0.02619314129151609,0.013082910076282735,0.05293165077941032,0.14685440321891552,0.050544863692278744,0.03423184247479651,0.040225827502006734,0.09982990493599117,0.06310886716748136,0.1253834693025378,0.22437850546734694,3
0.1551475065245994,0.03259838290885938,0.011284155742466658,0.03701471943541589,0.09265181865231019,0.033573440102140306,0.02290787301048805,0.03862321310846581,0.09673060580917085,0.06376130118954156,0.1587068302900553,0.2570001532264866,3
0.1521035466052173,0.03597916490227266,0.014652152018749339,0.05100516867374249,0.09966940555827809,0.03626227228202431,0.03769860574697799,0.042022739793295766,0.07963326699139217,0.06650705604319786,0.15600568540599485,0.22846093597885717,3
0.08963055478429625,0.0180830578165631,0.019440298798057636,0.06659481573154308,0.16107640944952445,0.049878253424792386,0.03782043257394457,0.05279814811428048,0.1785395083741843,0.05465149341713045,0.08698021048276594,0.18450681703291735,3
